DATA,COMPETENCIA,VALOR_FATURAMENTO,SINISTRALIDADE,imputado,SINISTRALIDADE_PREVISTA,forecast_p05,forecast_p25,forecast_p75,forecast_p95,REGISTO
2019-09-01,2019-09,479868.83999999997,0.6142754451531893,False,,,,,,historico
2019-10-01,2019-10,480237.11999999994,0.6034646069483912,False,,,,,,historico
2019-11-01,2019-11,484840.61999999994,0.6771495063587758,False,,,,,,historico
2019-12-01,2019-12,488707.55999999994,0.6308602213499961,False,,,,,,historico
2020-01-01,2020-01,485577.18,0.7397817636720553,False,,,,,,historico
2020-02-01,2020-02,488155.13999999996,0.6058480923034523,False,,,,,,historico
2020-03-01,2020-03,445250.51999999996,0.42662982001389554,False,,,,,,historico
2020-04-01,2020-04,460165.86,0.10790867749700941,False,,,,,,historico
2020-05-01,2020-05,462191.39999999997,0.022710865628512333,False,,,,,,historico
2020-06-01,2020-06,457587.89999999997,0.4099358940069058,False,,,,,,historico
2020-07-01,2020-07,454273.37999999995,0.5309528218225663,False,,,,,,historico
2020-08-01,2020-08,459613.43999999994,0.8596594241409665,False,,,,,,historico
2020-09-01,2020-09,462559.68,0.6742247102849989,False,,,,,,historico
2020-10-01,2020-10,465690.05999999994,0.6800657357316411,False,,,,,,historico
2020-11-01,2020-11,468636.3,0.6968906945559755,False,,,,,,historico
2020-12-01,2020-12,468820.43999999994,0.7137208938066271,False,,,,,,historico
2021-01-01,2021-01,470845.98,0.5769560113004002,False,,,,,,historico
2021-02-01,2021-02,472687.37999999995,0.5182788754054451,False,,,,,,historico
2021-03-01,2021-03,476554.31999999995,0.7894384473320728,False,,,,,,historico
2021-04-01,2021-04,481341.95999999996,0.8873861020315079,False,,,,,,historico
2021-05-01,2021-05,483551.63999999996,0.734580574619028,False,,,,,,historico
2021-06-01,2021-06,358152.3,0.8035645033411031,False,,,,,,historico
2021-07-01,2021-07,392808.33,0.7382903355101599,False,,,,,,historico
2021-08-01,2021-08,393984.99000000005,0.6789705222187569,False,,,,,,historico
2021-09-01,2021-09,396142.2,0.5532812577510243,False,,,,,,historico
2021-10-01,2021-10,386402.07,0.5292762175940365,True,,,,,,historico
2021-11-01,2021-11,376661.94,0.5052711774370487,True,,,,,,historico
2021-12-01,2021-12,366921.81,0.48126613728006096,False,,,,,,historico
2022-01-01,2022-01,367117.92000000004,0.6708994721182125,False,,,,,,historico
2022-02-01,2022-02,364372.38,0.7358688194622434,False,,,,,,historico
2022-03-01,2022-03,364960.71,0.7141552455349741,False,,,,,,historico
2022-04-01,2022-04,365941.26,0.6823942569347692,False,,,,,,historico
2022-05-01,2022-05,371432.34,0.8164742167661931,False,,,,,,historico
2022-06-01,2022-06,350644.68000000005,0.841920358145683,False,,,,,,historico
2022-07-01,2022-07,346526.37,0.8303219596577037,False,,,,,,historico
2022-08-01,2022-08,347506.92000000004,0.8673511558789815,False,,,,,,historico
2022-09-01,2022-09,349860.24000000005,1.1843193811065005,False,,,,,,historico
2022-10-01,2022-10,351821.34,1.1009649980424032,False,,,,,,historico
2022-11-01,2022-11,348879.69,0.8091022098614008,False,,,,,,historico
2022-12-01,2022-12,347899.14,0.9643757984911122,False,,,,,,historico
2023-01-01,2023-01,343192.5,1.856303094399085,False,,,,,,historico
2023-02-01,2023-02,342015.84,1.3598070776243651,False,,,,,,historico
2023-03-01,2023-03,343192.5,1.3562303068507315,False,,,,,,historico
2023-04-01,2023-04,343741.4,1.2815557998623137,False,,,,,,historico
2023-05-01,2023-05,344819.68000000005,1.3954802529235812,False,,,,,,historico
2023-06-01,2023-06,345604.12,1.175695772278139,False,,,,,,historico
2023-07-01,2023-07,348937.99000000005,1.7598448954959585,False,,,,,,historico
2023-08-01,2023-08,363242.88,1.3380679758844947,False,,,,,,historico
2023-09-01,2023-09,359948.16,1.074114672993271,False,,,,,,historico
2023-10-01,2023-10,360977.75999999995,1.384676228350024,False,,,,,,historico
2023-11-01,2023-11,359742.24,1.087038724459886,False,,,,,,historico
2023-12-01,2023-12,364684.31999999995,1.5525619501122123,False,,,,,,historico
2024-01-01,2024-01,366125.75999999995,1.3671909357680834,False,,,,,,historico
2024-02-01,2024-02,370450.07999999996,0.9166095375844802,False,,,,,,historico
2024-03-01,2024-03,394336.8,0.8388722245442535,False,,,,,,historico
2024-04-01,2024-04,405662.39999999997,1.0359590045727525,False,,,,,,historico
2024-05-01,2024-05,407721.6,1.117319631415974,False,,,,,,historico
2024-06-01,2024-06,414311.04,1.1872698678586373,False,,,,,,historico
2024-07-01,2024-07,399278.88,1.4473176295617758,False,,,,,,historico
2024-08-01,2024-08,400308.48,0.7821591398580623,False,1.0645718574523926,,,,,teste
2024-09-01,2024-09,433993.16,0.8002599431545636,False,1.0916805267333984,,,,,teste
2024-10-01,2024-10,440788.45999999996,0.8500220158515581,False,1.1209951639175415,,,,,teste
2024-11-01,2024-11,499907.57,0.8733859893102581,False,1.1059224605560303,,,,,teste
2024-12-01,2024-12,494471.32999999996,0.6890034343219879,False,1.070233941078186,,,,,teste
2025-01-01,2025-01,496056.89999999997,1.0261728461950004,False,1.0100340843200684,,,,,teste
2025-02-01,2025-02,489714.62,0.8513922996155383,False,0.9216143488883972,,,,,teste
2025-03-01,2025-03,492602.69,0.8957176780124699,False,0.9346405267715454,,,,,teste
2025-04-01,2025-04,487040.32999999996,0.9501915702701619,False,0.9470680356025696,,,,,teste
2025-05-01,2025-05,488846.37,1.0401203567274506,False,0.9551069736480713,,,,,teste
2025-06-01,2025-06,483986.12,1.1586995972637455,False,0.9665093421936035,,,,,teste
2025-07-01,2025-07,481613.14999999997,0.9243713289384649,False,1.0229836702346802,,,,,teste
2025-08-01,2025-08,521518.63,0.8677559865238937,False,1.0181312561035156,,,,,teste
2025-09-01,2025-09,526188.07,0.9990670390826463,False,1.03840172290802,,,,,teste
2025-10-01,2025-10,521658.38,0.9237140892500976,False,1.052293300628662,,,,,teste
2025-11-01,2025-11,,,False,0.9943937749438573,0.981883132297498,0.9893462973364056,1.00068787279126,1.012998314439265,previsao
2025-12-01,2025-12,,,False,0.9832467006101402,0.9688108780242644,0.9776228617022622,0.9895431912295061,1.0014738970804693,previsao
2026-01-01,2026-01,,,False,0.9597897429561634,0.9421635120692132,0.9514505891341551,0.9682772821697739,0.976772850673979,previsao
2026-02-01,2026-02,,,False,0.966413776146974,0.9471234071725557,0.9574743603561453,0.975788568667824,0.9857033979739092,previsao
2026-03-01,2026-03,,,False,0.9804024056168908,0.9590531306992197,0.9714305787896904,0.9891422932765659,1.003000142334718,previsao
2026-04-01,2026-04,,,False,0.9772061632213227,0.9526063010771573,0.9665059626967991,0.9873110146787843,1.0023787539884093,previsao
2026-05-01,2026-05,,,False,0.9841453741934844,0.9568145675988892,0.9726686479333015,0.9950713692734984,1.0129053272373398,previsao
2026-06-01,2026-06,,,False,0.9820656457774883,0.9530248071643161,0.9693083498054451,0.9937680925489603,1.0117852079096077,previsao
2026-07-01,2026-07,,,False,0.981843757219061,0.9513086489378068,0.9680565812754017,0.9945638819139809,1.012916537647189,previsao
2026-08-01,2026-08,,,False,0.9849373406918878,0.9527596222747372,0.9707211564694781,0.9975873869522928,1.017890240485006,previsao
2026-09-01,2026-09,,,False,0.9872816987585409,0.9535396049136102,0.9724597071790054,1.0003523144019204,1.021987629609452,previsao
2026-10-01,2026-10,,,False,0.9879664089447836,0.9527614873939817,0.9723561061083671,1.0016696080362073,1.0241226679488518,previsao
